{
    "name":"cbcommerce",
    "version":"1.0.0-snapshot",
    "author":"Ortus Solutions, Corp",
    "location":"https://downloads.ortussolutions.com/ortussolutions/coldbox-modules/cbcommerce/1.0.0-snapshot/cbcommerce-1.0.0-snapshot.zip",
    "homepage":"https://cbcommerce.ortusbooks.com",
    "documentation":"https://cbcommerce.ortusbooks.com",
    "repository":{
        "type":"git",
        "URL":"https://github.com/coldbox-modules/cbcommerce"
    },
    "bugs":"https://github.com/coldbox-modules/cbcommerce/issues",
    "slug":"cbcommerce",
    "shortDescription":"An e-commerce module for the coldbox platform",
    "description":"An e-commerce module for the coldbox platform",
    "type":"modules",
    "dependencies":{
        "cbcommerce-api" : "be",
        "cbcommerce-admin" : "be",
        "cbcommerce-ui" : "be"
    },
    "devDependencies":{},
    "installPaths":{
        "cbcommerce-api" : "modules/cbcommerce-api",
        "cbcommerce-admin" : "modules/cbcommerce-admin",
        "cbcommerce-ui" : "modules/cbcommerce-ui"
    },
    "ignore":[
        "**/.*",
        "test-harness",
        "*/.md"
    ]
}